<?xml version="1.0" encoding="UTF-8" standalone="no"?> 
<!-- 

merged / adapted from XILINX KC705 and Digilent CMOD-S7 board file repository
and from UG895 (v2019.2) October 30, 2019

V2.3 incorporates 2 push button switches, 2x LED or 1x LED, UART pin block.
V2.4 incorporating revised LED names, 1xLED and 2xLED components, inverted sense of "reset". (6/1/20)
V2.41 adds the PMOD JA connector (8 conn). 
V2.42X changed display_name string to 1.0/2.42X
       adds support for the on-board D/A converter U6 DAC7311IDCKR 12-bit, 50 MHz; 
       adds support for the on-board A/D converter U4 TI ADC1173 8-Bit, 15MSPS; 
-->
<board schema_version="2.1" vendor="seeedstudio.com" name="SpartanEdgeAcceleratorBoard1v0" display_name="Spartan Edge Accelerator (1.0/2.42X)" url="www.seeedstudio.com/Spartan-Edge-Accelerator-Board-p-4261.html" preset_file="preset.xml">
	<images>
		<image name="Spartan-Edge-Accelerater-Board-v1.0-wiki.jpg" display_name="SEEED Spartan Edge Accelerator Board" sub_type="board">
			<description>Spartan Edge Accelerator Board - Arduino FPGA Shield w/ ESP32</description>
		</image>
	</images>
	<compatible_board_revisions>
		<revision id="0">1.0</revision>
	</compatible_board_revisions>
	<file_version>2.42X</file_version>
	<description>Seeed Studio Spartan Edge Accelerator v1.0</description>
	<components>
		<component name="part0" display_name="Spartan-7 xc7s15 ftgb196 -1 100 I/O 196CSBGA" type="fpga" part_name="xc7s15ftgb196-1" pin_map_file="part0_pins.xml" vendor="xilinx" spec_url="https://reference.digilentinc.com/reference/programmable-logic/cmod-s7/start">
			<interfaces>
				<interface mode="slave"  name="sys_clock"          type="xilinx.com:signal:clock_rtl:1.0"        of_component="sys_clock"          preset_proc="sys_clock_preset">
					<description>100 MHz Single-Ended System Clock</description>
					<port_maps>
						<!-- 
						logical_port of an interface is the bus interface defintion (RTL file) in  <install_location>\Vivado\<version>\data\ip\interfaces\
						physical_port refers to component_pin in <pin_maps> which must map to "name" in part0_pins.xml
						port_index in <pin_maps> is numeric sequence beginning with 0 upto range defined by width of port 
						-->
						<port_map logical_port="CLK" physical_port="clk" dir="in">
							<pin_maps>
								<pin_map port_index="0" component_pin="IO_L13P_T2_MRCC_34"/>
							</pin_maps>
						</port_map>
					</port_maps>
					<parameters>
						<parameter name="frequency" value="100000000"/>
					</parameters>
				</interface>
				<interface mode="slave"  name="reset"              type="xilinx.com:signal:reset_rtl:1.0"        of_component="reset">
					<description>FPGA_RST  Active Low System Reset</description>
					<port_maps>
						<!-- 
						logical_port of an interface is the bus interface defintion (RTL file) in  <install_location>\Vivado\<version>\data\ip\interfaces\
						physical_port (is a silkscreen?) label of component_pin in <pin_maps> which must map to "name" field in part0_pins.xml
						port_index in <pin_maps> is numeric sequence beginning with 0 upto range defined by width of port 
						-->
						<port_map logical_port="RST" physical_port="FPGA_RST" dir="in">
							<pin_maps>
								<pin_map port_index="0" component_pin="IO_L11P_T1_SRCC_14"/>
							</pin_maps>
						</port_map>
					</port_maps>
					<parameters>
						<!-- testing if this rst_polarity is 0 === active low -->
						<parameter name="rst_polarity" value="0"/> 
					</parameters>
				</interface>
				<!--  <interface mode="master" name="led_4bits"          type="xilinx.com:interface:gpio_rtl:1.0"      of_component="led_4bits"          preset_proc="output_4bits_preset">
                    <description>4 LEDs</description>
                    <port_maps>
                        <port_map logical_port="TRI_O" physical_port="led_4bits_tri_io" dir="out" left="3" right="0">
                            <pin_maps>
                                <pin_map port_index="0" component_pin="led_4bits_tri_io_0"/>
                                <pin_map port_index="1" component_pin="led_4bits_tri_io_1"/>
                                <pin_map port_index="2" component_pin="led_4bits_tri_io_2"/>
                                <pin_map port_index="3" component_pin="led_4bits_tri_io_3"/>
                            </pin_maps>
                        </port_map>
                    </port_maps>
                </interface> -->
				<interface mode="master" name="led_l1_l2"          type="xilinx.com:interface:gpio_rtl:1.0"      of_component="led_l1_l2"          preset_proc="output_2bits_preset">
					<description>2xLED (L1/Green/Bit 0 | L2/Red/Bit 1)</description>
					<preferred_ips>
						<preferred_ip vendor="xilinx.com" library="ip" name="axi_gpio" order="0"/>
					</preferred_ips>					
					<port_maps>
						<!-- 
						logical_port of an interface is the bus interface defintion (RTL file) in  <install_location>\Vivado\<version>\data\ip\interfaces\
						physical_port (is a silkscreen?) label of component_pin in <pin_maps> which must map to "name" field in part0_pins.xml
						port_index in <pin_maps> is numeric sequence beginning with 0 upto range defined by width of port 
						-->
						<port_map logical_port="TRI_O" physical_port="led_l1_l2_tri_io" dir="out" left="1" right="0">
							<pin_maps>
								<pin_map port_index="0" component_pin="IO_L4N_T0_D05_14"/>
								<pin_map port_index="1" component_pin="IO_L15N_T2_DQS_34"/>
							</pin_maps>
						</port_map>
					</port_maps>
				</interface>
				<interface mode="master" name="led_l1"          type="xilinx.com:interface:gpio_rtl:1.0"      of_component="led_l1"          preset_proc="output_1bit_preset">
					<description>LED (L1/Green)</description>
					<preferred_ips>
						<preferred_ip vendor="xilinx.com" library="ip" name="axi_gpio" order="0"/>
					</preferred_ips>					
					<port_maps>
						<!-- 
						logical_port of an interface is the bus interface defintion (RTL file) in  <install_location>\Vivado\<version>\data\ip\interfaces\
						physical_port (is a silkscreen?) label of component_pin in <pin_maps> which must map to "name" field in part0_pins.xml
						port_index in <pin_maps> is numeric sequence beginning with 0 upto range defined by width of port 
						-->
						<port_map logical_port="TRI_O" physical_port="led_l1_tri_io" dir="out">
							<pin_maps>
								<pin_map port_index="0" component_pin="IO_L4N_T0_D05_14"/>
							</pin_maps>
						</port_map>
					</port_maps>
				</interface>

				<interface mode="master" name="led_l2"          type="xilinx.com:interface:gpio_rtl:1.0"      of_component="led_l2"          preset_proc="output_1bit_preset">
					<description>LED (L2/Red</description>
					<preferred_ips>
						<preferred_ip vendor="xilinx.com" library="ip" name="axi_gpio" order="0"/>
					</preferred_ips>					
					<port_maps>
						<!-- 
						logical_port of an interface is the bus interface defintion (RTL file) in  <install_location>\Vivado\<version>\data\ip\interfaces\
						physical_port (is a silkscreen?) label of component_pin in <pin_maps> which must map to "name" field in part0_pins.xml
						port_index in <pin_maps> is numeric sequence beginning with 0 upto range defined by width of port 
						-->
						<port_map logical_port="TRI_O" physical_port="led_l2_tri_io" dir="out">
							<pin_maps>
								<pin_map port_index="0" component_pin="IO_L15N_T2_DQS_34"/>
							</pin_maps>
						</port_map>
					</port_maps>
				</interface>

				<!-- interface for pin reserved for Microblaze UART TXD (out) RXD (in) -->
				<interface mode="master" name="microblaze_soft_uart"          type="xilinx.com:interface:uart_rtl:1.0"      of_component="microblaze_soft_uart"          preset_proc="microblaze_soft_uart_preset">
					<description>Microblaze UART Connections</description>
					<preferred_ips>
						<preferred_ip vendor="xilinx.com" library="ip" name="axi_uartlite" order="0"/>
					</preferred_ips>					
					<port_maps>
						<!-- 
						logical_port of an interface is the bus interface defintion (RTL file) in  <install_location>\Vivado\<version>\data\ip\interfaces\
						physical_port (is a silkscreen?) label of component_pin in <pin_maps> which must map to "name" field in part0_pins.xml
						port_index in <pin_maps> is numeric sequence beginning with 0 upto range defined by width of port 
						-->
						<port_map logical_port="TxD" physical_port="microblaze_txd" dir="out">
							<pin_maps>
								<pin_map port_index="0" component_pin="IO_L24P_T3_34"/>
							</pin_maps>
						</port_map>
						<port_map logical_port="RxD" physical_port="microblaze_rxd" dir="in">
							<pin_maps>
								<pin_map port_index="0" component_pin="IO_0_14"/>
							</pin_maps>
						</port_map>
					</port_maps>
				</interface>

				<interface mode="master" name="push_buttons_2bits" type="xilinx.com:interface:gpio_rtl:1.0" of_component="push_buttons_2bits" preset_proc="input_2bits_preset">
					<preferred_ips>
						<preferred_ip vendor="xilinx.com" library="ip" name="axi_gpio" order="0"/>
					</preferred_ips>
					<port_maps>
						<!--
						logical_port of an interface is the bus interface defintion (RTL file) in  <install_location>\Vivado\<version>\data\ip\interfaces\
						physical_port (is a silkscreen?) label of component_pin in <pin_maps> which must map to "name" field in part0_pins.xml
						port_index in <pin_maps> is numeric sequence beginning with 0 upto range defined by width of port 
						-->
						<port_map logical_port="TRI_I" physical_port="push_buttons_2bits_tri" dir="in" left="1" right="0">
							<pin_maps>
								<pin_map port_index="0" component_pin="IO_L23N_T3_34"/>
								<pin_map port_index="1" component_pin="IO_L1N_T0_34"/>
							</pin_maps>
						</port_map>
					</port_maps>
				</interface>
				<interface mode="master" name="ja"                 type="digilentinc.com:interface:pmod_rtl:1.0" of_component="ja">
                    <description>Pmod Connector JA</description>
                    <port_maps>
                        <port_map logical_port="PIN1_I" physical_port="JA1" dir="in">
                            <pin_maps>
                                <pin_map port_index="0" component_pin="IO_L21P_T3_DQS_14"/>
                            </pin_maps>
                        </port_map>
                        <port_map logical_port="PIN1_O" physical_port="JA1" dir="out">
                            <pin_maps>
                                <pin_map port_index="0" component_pin="IO_L21P_T3_DQS_14"/>
                            </pin_maps>
                        </port_map>
                        <port_map logical_port="PIN1_T" physical_port="JA1" dir="out">
                            <pin_maps>
                                <pin_map port_index="0" component_pin="IO_L21P_T3_DQS_14"/>
                            </pin_maps>
                        </port_map>
                        <port_map logical_port="PIN2_I" physical_port="JA2" dir="in">
                            <pin_maps>
                                <pin_map port_index="0" component_pin="IO_L21N_T3_DQS_D22_14"/>
                            </pin_maps>
                        </port_map>
                        <port_map logical_port="PIN2_O" physical_port="JA2" dir="out">
                            <pin_maps>
                                <pin_map port_index="0" component_pin="IO_L21N_T3_DQS_D22_14"/>
                            </pin_maps>
                        </port_map>
                        <port_map logical_port="PIN2_T" physical_port="JA2" dir="out">
                            <pin_maps>
                                <pin_map port_index="0" component_pin="IO_L21N_T3_DQS_D22_14"/>
                            </pin_maps>
                        </port_map>
                        <port_map logical_port="PIN3_I" physical_port="JA3" dir="in">
                            <pin_maps>
                                <pin_map port_index="0" component_pin="IO_L6N_T0_VREF_34"/>
                            </pin_maps>
                        </port_map>
                        <port_map logical_port="PIN3_O" physical_port="JA3" dir="out">
                            <pin_maps>
                                <pin_map port_index="0" component_pin="IO_L6N_T0_VREF_34"/>
                            </pin_maps>
                        </port_map>
                        <port_map logical_port="PIN3_T" physical_port="JA3" dir="out">
                            <pin_maps>
                                <pin_map port_index="0" component_pin="IO_L6N_T0_VREF_34"/>
                            </pin_maps>
                        </port_map>
                        <port_map logical_port="PIN4_I" physical_port="JA4" dir="in">
                            <pin_maps>
                                <pin_map port_index="0" component_pin="IO_L5P_T0_D06_14"/>
                            </pin_maps>
                        </port_map>
                        <port_map logical_port="PIN4_O" physical_port="JA4" dir="out">
                            <pin_maps>
                                <pin_map port_index="0" component_pin="IO_L5P_T0_D06_14"/>
                            </pin_maps>
                        </port_map>
                        <port_map logical_port="PIN4_T" physical_port="JA4" dir="out">
                            <pin_maps>
                                <pin_map port_index="0" component_pin="IO_L5P_T0_D06_14"/>
                            </pin_maps>
                        </port_map>
                        <port_map logical_port="PIN7_I" physical_port="JA7" dir="in">
                            <pin_maps>
                                <pin_map port_index="0" component_pin="IO_L23P_T3_D19_14"/>
                            </pin_maps>
                        </port_map>
                        <port_map logical_port="PIN7_O" physical_port="JA7" dir="out">
                            <pin_maps>
                                <pin_map port_index="0" component_pin="IO_L23P_T3_D19_14"/>
                            </pin_maps>
                        </port_map>
                        <port_map logical_port="PIN7_T" physical_port="JA7" dir="out">
                            <pin_maps>
                                <pin_map port_index="0" component_pin="IO_L23P_T3_D19_14"/>
                            </pin_maps>
                        </port_map>
                        <port_map logical_port="PIN8_I" physical_port="JA8" dir="in">
                            <pin_maps>
                                <pin_map port_index="0" component_pin="IO_25_14"/>
                            </pin_maps>
                        </port_map>
                        <port_map logical_port="PIN8_O" physical_port="JA8" dir="out">
                            <pin_maps>
                                <pin_map port_index="0" component_pin="IO_25_14"/>
                            </pin_maps>
                        </port_map>
                        <port_map logical_port="PIN8_T" physical_port="JA8" dir="out">
                            <pin_maps>
                                <pin_map port_index="0" component_pin="IO_25_14"/>
                            </pin_maps>
                        </port_map>
                        <port_map logical_port="PIN9_I" physical_port="JA9" dir="in">
                            <pin_maps>
                                <pin_map port_index="0" component_pin="IO_L5N_T0_D07_14"/>
                            </pin_maps>
                        </port_map>
                        <port_map logical_port="PIN9_O" physical_port="JA9" dir="out">
                            <pin_maps>
                                <pin_map port_index="0" component_pin="IO_L5N_T0_D07_14"/>
                            </pin_maps>
                        </port_map>
                        <port_map logical_port="PIN9_T" physical_port="JA9" dir="out">
                            <pin_maps>
                                <pin_map port_index="0" component_pin="IO_L5N_T0_D07_14"/>
                            </pin_maps>
                        </port_map>
                        <port_map logical_port="PIN10_I" physical_port="JA10" dir="in">
                            <pin_maps>
                                <pin_map port_index="0" component_pin="IO_L1P_T0_34"/>
                            </pin_maps>
                        </port_map>
                        <port_map logical_port="PIN10_O" physical_port="JA10" dir="out">
                            <pin_maps>
                                <pin_map port_index="0" component_pin="IO_L1P_T0_34"/>
                            </pin_maps>
                        </port_map>
                        <port_map logical_port="PIN10_T" physical_port="JA10" dir="out">
                            <pin_maps>
                                <pin_map port_index="0" component_pin="IO_L1P_T0_34"/>
                            </pin_maps>
                        </port_map>
                    </port_maps>
                </interface>
				
				

				<!--  <interface mode="master" name="rgb_led_3bits"      type="xilinx.com:interface:gpio_rtl:1.0"      of_component="rgb_led_3bits"      preset_proc="rgb_led_3bits_preset">
                    <description>RGB LED</description>
                    <preferred_ips>
                        <preferred_ip vendor="digilentinc.com" library="IP" name="PWM" version="2.0" order="0"/>
                    </preferred_ips>
                    <port_maps>
                        <port_map logical_port="TRI_O" physical_port="rgb_led_3bits_tri_io" dir="out" left="2" right="0">
                            <pin_maps>
                                <pin_map port_index="0" component_pin="rgb_led_3bits_tri_io_0"/>
                                <pin_map port_index="1" component_pin="rgb_led_3bits_tri_io_1"/>
                                <pin_map port_index="2" component_pin="rgb_led_3bits_tri_io_2"/>
                            </pin_maps>
                        </port_map>
                    </port_maps>
                </interface> -->
				<!-- adapted from KC705 push_buttons_5bits entries --> 



				<!--   <interface mode="master" name="push_buttons_1bit"  type="xilinx.com:interface:gpio_rtl:1.0"      of_component="push_buttons_2bits" preset_proc="input_1bit_preset">
                    <description>Only BTN1</description>
                    <port_maps>
                        <port_map logical_port="TRI_I" physical_port="push_buttons_2bits_tri_i" dir="in">
                            <pin_maps>
                                <pin_map port_index="1" component_pin="push_buttons_2bits_tri_i_1"/>
                            </pin_maps>
                        </port_map>
                    </port_maps>
                </interface> -->

				<!-- Add "pio_32bits" ? -->
				<!--   <interface mode="master" name="usb_uart"           type="xilinx.com:interface:uart_rtl:1.0"      of_component="usb_uart"           preset_proc="usb_uart_preset">
                    <description>USB-to-UART Bridge, which allows a connection to a host computer with a USB port</description>
                    <port_maps>
                        <port_map logical_port="TxD" physical_port="usb_uart_txd" dir="out">
                            <pin_maps>
                                <pin_map port_index="0" component_pin="usb_uart_txd"/>
                            </pin_maps>
                        </port_map>
                        <port_map logical_port="RxD" physical_port="usb_uart_rxd" dir="in">
                            <pin_maps>
                                <pin_map port_index="0" component_pin="usb_uart_rxd"/>
                            </pin_maps>
                        </port_map>
                    </port_maps>
                </interface> -->
				<!-- <interface mode="master" name="qspi_flash"         type="xilinx.com:interface:spi_rtl:1.0"       of_component="qspi_flash"         preset_proc="qspi_flash_preset">
                    <description>Quad SPI Flash</description>
                    <preferred_ips>
                        <preferred_ip vendor="xilinx.com" library="ip" name="axi_quad_spi" order="0"/>
                    </preferred_ips>
                    <port_maps>
                        <port_map logical_port="IO0_I" physical_port="qspi_db0" dir="in">
                            <pin_maps>
                                <pin_map port_index="0" component_pin="qspi_db0"/>
                            </pin_maps>
                        </port_map>
                        <port_map logical_port="IO0_O" physical_port="qspi_db0" dir="out">
                            <pin_maps>
                                <pin_map port_index="0" component_pin="qspi_db0"/>
                            </pin_maps>
                        </port_map>
                        <port_map logical_port="IO0_T" physical_port="qspi_db0" dir="out">
                            <pin_maps>
                                <pin_map port_index="0" component_pin="qspi_db0"/>
                            </pin_maps>
                        </port_map>
                        <port_map logical_port="IO1_I" physical_port="qspi_db1" dir="in">
                            <pin_maps>
                                <pin_map port_index="0" component_pin="qspi_db1"/>
                            </pin_maps>
                        </port_map>
                        <port_map logical_port="IO1_O" physical_port="qspi_db1" dir="out">
                            <pin_maps>
                                <pin_map port_index="0" component_pin="qspi_db1"/>
                            </pin_maps>
                        </port_map>
                        <port_map logical_port="IO1_T" physical_port="qspi_db1" dir="out">
                            <pin_maps>
                                <pin_map port_index="0" component_pin="qspi_db1"/>
                            </pin_maps>
                        </port_map>
                        <port_map logical_port="IO2_I" physical_port="qspi_db2" dir="in">
                            <pin_maps>
                                <pin_map port_index="0" component_pin="qspi_db2"/>
                            </pin_maps>
                        </port_map>
                        <port_map logical_port="IO2_O" physical_port="qspi_db2" dir="out">
                            <pin_maps>
                                <pin_map port_index="0" component_pin="qspi_db2"/>
                            </pin_maps>
                        </port_map>
                        <port_map logical_port="IO2_T" physical_port="qspi_db2" dir="out">
                            <pin_maps>
                                <pin_map port_index="0" component_pin="qspi_db2"/>
                            </pin_maps>
                        </port_map>
                        <port_map logical_port="IO3_I" physical_port="qspi_db3" dir="in">
                            <pin_maps>
                                <pin_map port_index="0" component_pin="qspi_db3"/>
                            </pin_maps>
                        </port_map>
                        <port_map logical_port="IO3_O" physical_port="qspi_db3" dir="out">
                            <pin_maps>
                                <pin_map port_index="0" component_pin="qspi_db3"/>
                            </pin_maps>
                        </port_map>
                        <port_map logical_port="IO3_T" physical_port="qspi_db3" dir="out">
                            <pin_maps>
                                <pin_map port_index="0" component_pin="qspi_db3"/>
                            </pin_maps>
                        </port_map>
                        <port_map logical_port="SS_I"  physical_port="qspi_csn" dir="in">
                            <pin_maps>
                                <pin_map port_index="0" component_pin="qspi_csn"/>
                            </pin_maps>
                        </port_map>
                        <port_map logical_port="SS_O"  physical_port="qspi_csn" dir="out">
                            <pin_maps>
                                <pin_map port_index="0" component_pin="qspi_csn"/>
                            </pin_maps>
                        </port_map>
                        <port_map logical_port="SS_T"  physical_port="qspi_csn" dir="out">
                            <pin_maps>
                                <pin_map port_index="0" component_pin="qspi_csn"/>
                            </pin_maps>
                        </port_map>
                        <port_map logical_port="SCK_I"  physical_port="qspi_sck" dir="in">
                            <pin_maps>
                                <pin_map port_index="0" component_pin="qspi_sck"/>
                            </pin_maps>
                        </port_map>
                        <port_map logical_port="SCK_O"  physical_port="qspi_sck" dir="out">
                            <pin_maps>
                                <pin_map port_index="0" component_pin="qspi_sck"/>
                            </pin_maps>
                        </port_map>
                        <port_map logical_port="SCK_T"  physical_port="qspi_sck" dir="out">
                            <pin_maps>
                                <pin_map port_index="0" component_pin="qspi_sck"/>
                            </pin_maps>
                        </port_map>
                    </port_maps>
                </interface> -->

			</interfaces>
		</component>
		<component name="sys_clock"          display_name="System Clock" type="chip" sub_type="system_clock"      major_group="Clocks">
			<description>100 MHz System Clock</description>
		</component>
		<component name="reset"              display_name="Reset (FPGA_RST)" type="chip" sub_type="reset"             major_group="Reset">
			<description>Configure FPGA_RST button as System Reset button, active high</description>
		</component> 
		<component name="led_l1_l2"          display_name="Green and Red LEDs"       type="chip" sub_type="led"               major_group="GPIO">
			<description>LEDs (L1/Green and  L2/Red)</description>
		</component> 
		<component name="led_l1"          display_name="LED 1 (Green)"       type="chip" sub_type="led"               major_group="GPIO">
			<description>L1/Green</description>
		</component> 
		<component name="led_l2"          display_name="LED 2 (Red)"       type="chip" sub_type="led"               major_group="GPIO">
			<description>L2/Red</description>
		</component> 
		<component name="microblaze_soft_uart"          display_name="Jumper blocks for AXI UART Lite"       type="chip" sub_type="uart"               major_group="UART">
			<description>Microblaze UART Lite (TXD FPGA_IO8/P5 | RXD  FPGA_IO9/E11)</description>
		</component> 
		<component name="ja" display_name="Connector JA"  type="chip" sub_type="chip" major_group="Pmod">
			<description>Pmod Conn. JA pins/connector</description>
		</component>
		<component name="dac1" display_name="DAC7311IDCKR"  type="chip" sub_type="chip" major_group="DAC">
			<description>12-bit, 50 MHz DAC (U6 DAC7311IDCKR, J1/4)</description>
		</component>
		<component name="adc1" display_name="ADC1173"  type="chip" sub_type="chip" major_group="ADC">
			<description>8-bit, 15 MSPS ADC (U4 ADC1173, J1/1)</description>
		</component>

		<!--  <component name="led_4bits"          display_name="4 LEDs"       type="chip" sub_type="led"               major_group="GPIO">
            <description>LEDs 3 to 0</description>
        </component> -->	





		<!-- 		<component name="microblaze_txd"          display_name="TXD pin for AXI UART Lite"       type="chip" sub_type="uart"               major_group="GPIO">
			<description>Microblaze TXD (FPGA_IO8 | P5)</description>
		</component> 
		<component name="microblaze_rxd"          display_name="RXD pin for AXI UART Lite"       type="chip" sub_type="uart"               major_group="GPIO">
			<description>Microblaze RXD (FPGA_IO9 | E11)</description>
		</component>  -->






		<!-- <component name="rgb_led_3bits"      display_name="RGB LED"      type="chip" sub_type="led"               major_group="GPIO">
            <description>RGB LED 2 downto 0 (ordered RGB)</description>
        </component> -->
		<component name="push_buttons_2bits" display_name="Push Buttons" type="chip" sub_type="push_button"       major_group="GPIO" part_name="TBD" vendor="TBD">
			<description>Push Buttons: USER1|USER2 [1:0] (Active High) </description>
			<!-- KEEP THIS AS TEMPLATE FOR VARIABLE CONFIGURATION OF A COMPONENT. But for each component mode, <interace> has to be defined upt
			<component_modes>
                <component_mode name="2_btns" display_name="2 Buttons (No Reset)">
                    <interfaces>
                        <interface name="push_buttons_2bits" order="0"/>
                    </interfaces>
                </component_mode>
                <component_mode name="1_btn" display_name="Only BTN1">
                    <interfaces>
                        <interface name="push_buttons_1bit" order="0"/>
                    </interfaces>
                </component_mode>
            </component_modes>
			-->
		</component> 
		<!--   <component name="usb_uart"           display_name="USB UART"     type="chip" sub_type="uart"              major_group="UART">
            <description>USB UART</description>
        </component> -->
		<!--  <component name="qspi_flash"         display_name="QSPI Flash"   type="chip" sub_type="memory_flash_qspi" major_group="External Memory">
            <description>QSPI Flash</description>
        </component> -->
		<!--  <component name="ja"                 display_name="Connector JA" type="chip" sub_type="chip"              major_group="Pmod">
            <description>Pmod Connector JA</description>
        </component> -->
	</components>
	<jtag_chains>
		<jtag_chain name="chain1">
			<position name="0" component="part0"/>
		</jtag_chain>
	</jtag_chains>
	<connections>
		<connection name="part0_sys_clock"                    component1="part0" component2="sys_clock">
			<connection_map name="part0_sys_clock_1"          c1_st_index="0"    c1_end_index="0"       c2_st_index="0" c2_end_index="0"/>
		</connection>
		<connection name="part0_reset"                        component1="part0" component2="reset">
			<connection_map name="part0_reset_1"              c1_st_index="1"    c1_end_index="1"       c2_st_index="0" c2_end_index="0"/>
		</connection>
		<connection name="part0_push_buttons_2bits"           component1="part0" component2="push_buttons_2bits">
			<connection_map name="part0_push_buttons_2bits_1" typical_delay="5" c1_st_index="2"    c1_end_index="3"       c2_st_index="0" c2_end_index="1"/>
		</connection>	
		<connection name="part0_led_l1_l2"                    component1="part0" component2="led_l1_l2">
			<connection_map name="part0_led_l1_l2_1"          c1_st_index="4"    c1_end_index="5"       c2_st_index="0" c2_end_index="1"/>
		</connection>
		<connection name="part0_led_l2"                    component1="part0" component2="led_l2">
			<connection_map name="part0_led_l2_1"          c1_st_index="4"    c1_end_index="4"       c2_st_index="0" c2_end_index="0"/>
		</connection>
		<connection name="part0_led_l1"                    component1="part0" component2="led_l1">
			<connection_map name="part0_led_l1_1"          c1_st_index="5"    c1_end_index="5"       c2_st_index="0" c2_end_index="0"/>
		</connection>
		<connection name="part0_microblaze_uart_lite"                    component1="part0" component2="microblaze_uart_lite">
			<connection_map name="part0_microblaze_uart_lite_1"          c1_st_index="28"    c1_end_index="29"       c2_st_index="0" c2_end_index="1"/>
		</connection>
		<connection name="part0_ja" component1="part0" component2="ja">
			<connection_map name="part0_ja_1" c1_st_index="20" c1_end_index="27" c2_st_index="0" c2_end_index="7"/>
		</connection>
		<connection name="part0_adc1" component1="part0" component2="adc1">
			<connection_map name="part0_adc1_1" c1_st_index="7" c1_end_index="9" c2_st_index="0" c2_end_index="2"/>
		</connection>		
		<connection name="part0_dac1" component1="part0" component2="dac1">
			<connection_map name="part0_dac1_1" c1_st_index="10" c1_end_index="19" c2_st_index="0" c2_end_index="9"/>
		</connection>	


		<!-- 		<connection name="part0_microblaze_txd"                    component1="part0" component2="microblaze_txd">
			<connection_map name="part0_microblaze_txd_1"          c1_st_index="28"    c1_end_index="28"       c2_st_index="0" c2_end_index="0"/>
		</connection>
		<connection name="part0_microblaze_rxd"                    component1="part0" component2="microblaze_rxd">
			<connection_map name="part0_microblaze_rxd_1"          c1_st_index="29"    c1_end_index="29"       c2_st_index="0" c2_end_index="0"/>
		</connection> -->


		<!--
        <connection name="part0_led_4bits"                    component1="part0" component2="led_4bits">
            <connection_map name="part0_led_4bits_1"          c1_st_index="1"    c1_end_index="4"       c2_st_index="0" c2_end_index="3"/>
        </connection>
		-->
		<!--
        <connection name="part0_rgb_led_3bits"                component1="part0" component2="rgb_led_3bits">
            <connection_map name="part0_rgb_led_3bits_1"      c1_st_index="5"    c1_end_index="7"       c2_st_index="0" c2_end_index="2"/>
        </connection>
		-->
		<!--
        <connection name="part0_usb_uart"                     component1="part0" component2="usb_uart">
            <connection_map name="part0_usb_uart_1"           c1_st_index="10"   c1_end_index="11"      c2_st_index="0" c2_end_index="1"/>
        </connection>
        <connection name="part0_qspi_flash"                   component1="part0" component2="qspi_flash">
            <connection_map name="part0_qspi_flash_1"         c1_st_index="12"   c1_end_index="17"      c2_st_index="0" c2_end_index="5"/>
        </connection>-->
	</connections>
</board>
