<?xml version="1.0" encoding="UTF-8" standalone="no" ?>
<part_info part_name="xc7s15ftgb196-1">
	<pins>
		<!-- below lines are grouped and ordered according to function -->

		<!-- clock chip -->
		<pin index="0" name="IO_L13P_T2_MRCC_34" iostandard="LVCMOS33" loc="H4"/><!-- Sch. SYSCLK -->

		<!-- (1) for reset button -->
		<pin index="1" name="IO_L11P_T1_SRCC_14" iostandard="LVCMOS33" loc="D14"/><!-- Sch. FPGA_RST -->

		<!-- (2) for buttons -->
		<pin index="2" name="IO_L23N_T3_34" iostandard="LVCMOS33" loc="M4"/><!-- Sch. BUTTON2/USER2?, bit 0, right -->
		<pin index="3" name="IO_L1N_T0_34" iostandard="LVCMOS33" loc="C3"/><!-- Sch. BUTTON1/USER1?, bit 1, left -->	

		<!-- (2) for leds -->
		<pin index="4" name="IO_L4N_T0_D05_14" iostandard="LVCMOS33" loc="A13"/><!-- Sch. FPGA_LED2 Red led, bit 0 right -->   
		<pin index="5" name="IO_L15N_T2_DQS_34" iostandard="LVCMOS33" loc="J1"/><!--Sch. FPGA_LED1 GRN , led, bit 1, left -->	

		<!-- (1) for programmable led --> 
		<pin index="6" name="IO_L23N_T3_D18_14" iostandard="LVCMOS33" loc="N11"/><!-- Sch. FPGA_RGB --> 

		<!-- (3) for 12-bit single ch. D/A converter U6 DAC7311IDCKR (DAC_OUT  pin ext conn J1/1 -->
		<pin index="7" name="IO_L18P_T2_34" iostandard="LVCMOS33" loc="M1"/><!-- Sch. DAC_SCLK -->
		<pin index="8" name="IO_L18N_T2_34" iostandard="LVCMOS33" loc="L1"/><!-- Sch. DAC_DIN -->
		<pin index="9" name="IO_L20N_T3_34" iostandard="LVCMOS33" loc="N1"/><!-- Sch. DAC_SYNC (active low) -->
    
		<!-- (10) for 8-bit A/D converter (ADC_IN pin ext conn J1/4 -->
		<pin index="10" name="IO_L17P_T2_34" iostandard="LVCMOS33" loc="J4"/><!-- Sch. ADC_EN (active low) -->
		<pin index="11" name="IO_L6P_T0_34" iostandard="LVCMOS33" loc="C5"/><!-- Sch. ADC_CLK --> 	 
		<pin index="12" name="IO_L17N_T2_34" iostandard="LVCMOS33" loc="J3"/><!-- Sch. ADC_D0 -->
		<pin index="13" name="IO_L15P_T2_DQS_34" iostandard="LVCMOS33" loc="J2"/><!-- Sch. ADC_D1 --> 
		<pin index="14" name="IO_L8P_T1_D11_14" iostandard="LVCMOS33" loc="D12"/><!-- Sch. ADC_D2 -->		
		<pin index="15" name="IO_L7N_T1_D10_14" iostandard="LVCMOS33" loc="E12"/><!-- Sch. ADC_D3 -->	
		<pin index="16" name="IO_L7P_T1_D09_14" iostandard="LVCMOS33" loc="F12"/><!-- Sch. ADC_D4 -->		
		<pin index="17" name="IO_L6P_T0_FCS_B_14" iostandard="LVCMOS33" loc="C11"/><!-- Sch. ADC_D5 -->		
		<pin index="18" name="IO_L13P_T2_MRCC_14" iostandard="LVCMOS33" loc="H11"/><!-- Sch. ADC_D6 -->		
		<pin index="19" name="IO_L13N_T2_MRCC_14" iostandard="LVCMOS33" loc="H12"/><!-- Sch. ADC_D7 -->	

		<!-- (8) PMOD (JA) barebones off-board connections || or 8 individual GPIO pins  -->
		<pin index="20" name="IO_L21P_T3_DQS_14" iostandard="LVCMOS33" loc="N14"/><!-- JA1/Sch. FPGA_IO0 --> 
		<pin index="21" name="IO_L21N_T3_DQS_D22_14" iostandard="LVCMOS33" loc="M14"/><!-- JA2/Sch. FPGA_IO1 -->	
		<pin index="22" name="IO_L6N_T0_VREF_34" iostandard="LVCMOS33" loc="C4"/><!-- JA3/Sch. FPGA_IO2 --> 
		<pin index="23" name="IO_L5P_T0_D06_14" iostandard="LVCMOS33" loc="B13"/><!-- JA4/Sch. FPGA_IO3 -->		
		<pin index="24" name="IO_L23P_T3_D19_14" iostandard="LVCMOS33" loc="N10"/><!-- JA7/Sch. FPGA_IO4 -->			
		<pin index="25" name="IO_25_14" iostandard="LVCMOS33" loc="M10"/><!-- JA8/Sch. FPGA_IO5 -->			
		<pin index="26" name="IO_L5N_T0_D07_14" iostandard="LVCMOS33" loc="B14"/><!-- JA9/Sch. FPGA_IO6 -->	
		<pin index="27" name="IO_L1P_T0_34" iostandard="LVCMOS33" loc="D3"/><!-- JA10/Sch. FPGA_IO7 --> 

		<!-- (2) for UART TXD RXD  Microblaze -->			
		<pin index="28" name="IO_L24P_T3_34" iostandard="LVCMOS33" loc="P5"/><!-- Microblaze MCU TXD out / Sch. FPGA_IO8 -->
		<pin index="29" name="IO_0_14" iostandard="LVCMOS33" loc="E11"/><!-- Microblaze MCU RXD in / Sch. FPGA_IO9 --> 

		<!-- I2C bus -->
		<pin index="30" name="IO_L22N_T3_D20_14" iostandard="LVCMOS33" loc="P13"/><!-- Sch. FPGA_ESP_SDA / SDA -->
		<pin index="31" name="IO_L24P_T3_D17_14" iostandard="LVCMOS33" loc="P10"/><!-- Sch. FPGA_ESP_SCL / SCL -->


		<!-- flash memory --> 
		<!-- SPARE PINS RANDOM NUMBERED. CORRECT SEQUENCE FOR PROPER USE.	
        <pin index="2" name="IO_L1P_T0_D00_MOSI_14" iostandard="LVCMOS33" loc="B11"/>
        <pin index="3" name="IO_L1N_T0_D01_DIN_14" iostandard="LVCMOS33" loc="B12"/>
        <pin index="4" name="IO_L2P_T0_D02_14" iostandard="LVCMOS33" loc="D10"/>
        <pin index="5" name="IO_L2N_T0_D03_14" iostandard="LVCMOS33" loc="C10"/>
        <pin index="6" name="IO_L3P_T0_DQS_PUDC_B_14" iostandard="LVCMOS33" loc="B10"/>
        <pin index="7" name="IO_L3N_T0_DQS_EMCCLK_14" iostandard="LVCMOS33" loc="A10"/>
        <pin index="8" name="IO_L4P_T0_D04_14" iostandard="LVCMOS33" loc="A12"/>
        <pin index="13" name="IO_L6N_T0_D08_VREF_14" iostandard="LVCMOS33" loc="C12"/>
        <pin index="17" name="IO_L8N_T1_D12_14" iostandard="LVCMOS33" loc="D13"/>
        <pin index="18" name="IO_L9P_T1_DQS_14" iostandard="LVCMOS33" loc="G14"/>
        <pin index="19" name="IO_L9N_T1_DQS_D13_14" iostandard="LVCMOS33" loc="F14"/>
        <pin index="20" name="IO_L10P_T1_D14_14" iostandard="LVCMOS33" loc="F13"/>
        <pin index="21" name="IO_L10N_T1_D15_14" iostandard="LVCMOS33" loc="E13"/> 
        <pin index="23" name="IO_L11N_T1_SRCC_14" iostandard="LVCMOS33" loc="C14"/>
        <pin index="24" name="IO_L12P_T1_MRCC_14" iostandard="LVCMOS33" loc="G11"/>
        <pin index="25" name="IO_L12N_T1_MRCC_14" iostandard="LVCMOS33" loc="F11"/>
        <pin index="28" name="IO_L14P_T2_SRCC_14" iostandard="LVCMOS33" loc="H13"/>
        <pin index="29" name="IO_L14N_T2_SRCC_14" iostandard="LVCMOS33" loc="H14"/>
        <pin index="30" name="IO_L15P_T2_DQS_RDWR_B_14" iostandard="LVCMOS33" loc="M13"/>
        <pin index="31" name="IO_L15N_T2_DQS_DOUT_CSO_B_14" iostandard="LVCMOS33" loc="L14"/>
        <pin index="32" name="IO_L16P_T2_CSI_B_14" iostandard="LVCMOS33" loc="L12"/>
        <pin index="33" name="IO_L16N_T2_D31_14" iostandard="LVCMOS33" loc="L13"/>
        <pin index="34" name="IO_L17P_T2_D30_14" iostandard="LVCMOS33" loc="J11"/>
        <pin index="35" name="IO_L17N_T2_D29_14" iostandard="LVCMOS33" loc="J12"/>
        <pin index="36" name="IO_L18P_T2_D28_14" iostandard="LVCMOS33" loc="J13"/>
        <pin index="37" name="IO_L18N_T2_D27_14" iostandard="LVCMOS33" loc="J14"/>
        <pin index="38" name="IO_L19P_T3_D26_14" iostandard="LVCMOS33" loc="K11"/>
        <pin index="39" name="IO_L19N_T3_D25_VREF_14" iostandard="LVCMOS33" loc="K12"/>
        <pin index="40" name="IO_L20P_T3_D24_14" iostandard="LVCMOS33" loc="M11"/>
        <pin index="41" name="IO_L20N_T3_D23_14" iostandard="LVCMOS33" loc="M12"/>
        <pin index="44" name="IO_L22P_T3_D21_14" iostandard="LVCMOS33" loc="P12"/>
        
        <pin index="49" name="IO_L24N_T3_D16_14" iostandard="LVCMOS33" loc="P11"/>
        <pin index="51" name="IO_0_34" iostandard="LVCMOS33" loc="B6"/>
        <pin index="54" name="IO_L2P_T0_34" iostandard="LVCMOS33" loc="A4"/>
        <pin index="55" name="IO_L2N_T0_34" iostandard="LVCMOS33" loc="A3"/>
        <pin index="56" name="IO_L3P_T0_DQS_34" iostandard="LVCMOS33" loc="B3"/>
        <pin index="57" name="IO_L3N_T0_DQS_34" iostandard="LVCMOS33" loc="A2"/>
        <pin index="58" name="IO_L4P_T0_34" iostandard="LVCMOS33" loc="B5"/>
        <pin index="59" name="IO_L4N_T0_34" iostandard="LVCMOS33" loc="A5"/>
        <pin index="60" name="IO_L5P_T0_34" iostandard="LVCMOS33" loc="B2"/>
        <pin index="61" name="IO_L5N_T0_34" iostandard="LVCMOS33" loc="B1"/>
        <pin index="64" name="IO_L7P_T1_34" iostandard="LVCMOS33" loc="E4"/>
        <pin index="65" name="IO_L7N_T1_34" iostandard="LVCMOS33" loc="D4"/>
        <pin index="66" name="IO_L8P_T1_34" iostandard="LVCMOS33" loc="F3"/>
        <pin index="67" name="IO_L8N_T1_34" iostandard="LVCMOS33" loc="F2"/>
        <pin index="68" name="IO_L9P_T1_DQS_34" iostandard="LVCMOS33" loc="G1"/>
        <pin index="69" name="IO_L9N_T1_DQS_34" iostandard="LVCMOS33" loc="F1"/>
        <pin index="70" name="IO_L10P_T1_34" iostandard="LVCMOS33" loc="E2"/>
        <pin index="71" name="IO_L10N_T1_34" iostandard="LVCMOS33" loc="D2"/>
        <pin index="72" name="IO_L11P_T1_SRCC_34" iostandard="LVCMOS33" loc="D1"/>
        <pin index="73" name="IO_L11N_T1_SRCC_34" iostandard="LVCMOS33" loc="C1"/>
        <pin index="74" name="IO_L12P_T1_MRCC_34" iostandard="LVCMOS33" loc="G4"/>
        <pin index="75" name="IO_L12N_T1_MRCC_34" iostandard="LVCMOS33" loc="F4"/>
        <pin index="77" name="IO_L13N_T2_MRCC_34" iostandard="LVCMOS33" loc="H3"/>
        <pin index="78" name="IO_L14P_T2_SRCC_34" iostandard="LVCMOS33" loc="H2"/>
        <pin index="79" name="IO_L14N_T2_SRCC_34" iostandard="LVCMOS33" loc="H1"/>
        <pin index="82" name="IO_L16P_T2_34" iostandard="LVCMOS33" loc="K4"/>
        <pin index="83" name="IO_L16N_T2_34" iostandard="LVCMOS33" loc="K3"/>
        <pin index="88" name="IO_L19P_T3_34" iostandard="LVCMOS33" loc="M3"/>
        <pin index="89" name="IO_L19N_T3_VREF_34" iostandard="LVCMOS33" loc="M2"/>
        <pin index="90" name="IO_L20P_T3_34" iostandard="LVCMOS33" loc="P2"/>
        <pin index="92" name="IO_L21P_T3_DQS_34" iostandard="LVCMOS33" loc="P4"/>
        <pin index="93" name="IO_L21N_T3_DQS_34" iostandard="LVCMOS33" loc="P3"/>
        <pin index="94" name="IO_L22P_T3_34" iostandard="LVCMOS33" loc="L3"/>
        <pin index="95" name="IO_L22N_T3_34" iostandard="LVCMOS33" loc="L2"/>
        <pin index="96" name="IO_L23P_T3_34" iostandard="LVCMOS33" loc="M5"/>
        <pin index="99" name="IO_L24N_T3_34" iostandard="LVCMOS33" loc="N4"/>
        <pin index="100" name="IO_25_34" iostandard="LVCMOS33" loc="L5"/>
-->
	</pins>
</part_info>
